Strand Name1, Strand Name2, Start Time(YYYY:MM : DD),Stop Time(YYYY:MM : DD),Duration(sec)
YH1->FX0205->XG9, XG9->FX0911->YH2,2017:05:07:16:00:13, 2017:05:07:16:02:14,121
YH1->FX0811->XG9, XG9->FX0911->YH2,2017:05:07:16:02:14, 2017:05:07:16:05:45,211
YH1->FX0304->XG9, XG9->FX0911->YH2,2017:05:07:16:05:45, 2017:05:07:16:06:22,37
YH1->FX0204->XG9, XG9->FX0403->YH2,2017:05:07:16:06:36, 2017:05:07:16:07:55,79
YH1->FX0810->XG9, XG9->FX0910->YH2,2017:05:07:16:10:44, 2017:05:07:16:14:35,231
YH1->FX0303->XG9, XG9->FX0910->YH2,2017:05:07:16:14:35, 2017:05:07:16:15:25,50
YH1->FX0203->XG9, XG9->FX0402->YH2,2017:05:07:16:16:27, 2017:05:07:16:17:18,51
YH1->FX0809->XG9, XG9->FX0909->YH2,2017:05:07:16:19:11, 2017:05:07:16:23:23,252
YH1->FX0302->XG9, XG9->FX0909->YH2,2017:05:07:16:23:23, 2017:05:07:16:24:27,64
YH1->FX0202->XG9, XG9->FX0401->YH2,2017:05:07:16:25:24, 2017:05:07:16:26:39,75
YH1->FX0808->XG9, XG9->FX0908->YH2,2017:05:07:16:27:54, 2017:05:07:16:32:07,253
YH1->FX0907->XG9, XG9->FX0908->YH2,2017:05:07:16:32:07, 2017:05:07:16:33:28,81
YH1->FX0201->XG9, XG9->FX0412->YH2,2017:05:07:16:34:39, 2017:05:07:16:35:43,64
YH1->FX0807->XG9, XG9->FX0907->YH2,2017:05:07:16:37:11, 2017:05:07:16:40:47,216
YH1->FX0906->XG9, XG9->FX0907->YH2,2017:05:07:16:40:47, 2017:05:07:16:42:28,101
YH1->FX0806->XG9, XG9->FX0410->YH2,2017:05:07:16:46:28, 2017:05:07:16:49:23,175
YH1->FX0905->XG9, XG9->FX0410->YH2,2017:05:07:16:49:23, 2017:05:07:16:52:48,205
YH1->FX0310->XG9, XG9->FX0409->YH2,2017:05:07:16:55:40, 2017:05:07:17:00:50,310
YH1->FX0904->XG9, XG9->FX0409->YH2,2017:05:07:17:00:50, 2017:05:07:17:01:14,24
YH1->FX0309->XG9, XG9->FX0408->YH2,2017:05:07:17:04:57, 2017:05:07:17:09:33,276
YH1->FX0903->XG9, XG9->FX1003->YH2,2017:05:07:17:09:37, 2017:05:07:17:11:09,92
YH1->FX0308->XG9, XG9->FX0407->YH2,2017:05:07:17:14:27, 2017:05:07:17:17:38,191
YH1->FX0902->XG9, XG9->FX0506->YH2,2017:05:07:17:18:21, 2017:05:07:17:20:34,133
YH1->FX0307->XG9, XG9->FX1001->YH2,2017:05:07:17:23:32, 2017:05:07:17:27:03,211
YH1->FX0901->XG9, XG9->FX1001->YH2,2017:05:07:17:27:03, 2017:05:07:17:29:40,157
YH1->FX0306->XG9, XG9->FX1012->YH2,2017:05:07:17:32:38, 2017:05:07:17:35:43,185
YH1->FX0912->XG9, XG9->FX1012->YH2,2017:05:07:17:35:43, 2017:05:07:17:38:38,175
YH1->FX0305->XG9, XG9->FX0504->YH2,2017:05:07:17:39:11, 2017:05:07:17:39:43,32
YH1->FX0911->XG9, XG9->FX1011->YH2,2017:05:07:17:44:19, 2017:05:07:17:47:33,194
YH1->FX0304->XG9, XG9->FX0503->YH2,2017:05:07:17:48:13, 2017:05:07:17:49:12,59
YH1->FX0910->XG9, XG9->FX1010->YH2,2017:05:07:17:52:53, 2017:05:07:17:56:25,212
YH1->FX0403->XG9, XG9->FX1010->YH2,2017:05:07:17:56:25, 2017:05:07:17:57:03,38
YH1->FX0303->XG9, XG9->FX0502->YH2,2017:05:07:17:57:19, 2017:05:07:17:58:38,79
YH1->FX0909->XG9, XG9->FX1009->YH2,2017:05:07:18:01:24, 2017:05:07:18:05:15,231
YH1->FX0402->XG9, XG9->FX1009->YH2,2017:05:07:18:05:15, 2017:05:07:18:06:06,51
YH1->FX0302->XG9, XG9->FX0501->YH2,2017:05:07:18:07:09, 2017:05:07:18:08:01,52
YH1->FX0908->XG9, XG9->FX1008->YH2,2017:05:07:18:09:51, 2017:05:07:18:14:02,251
YH1->FX0401->XG9, XG9->FX1008->YH2,2017:05:07:18:14:02, 2017:05:07:18:15:08,66
YH1->FX0301->XG9, XG9->FX0512->YH2,2017:05:07:18:16:05, 2017:05:07:18:17:22,77
YH1->FX0907->XG9, XG9->FX1007->YH2,2017:05:07:18:18:35, 2017:05:07:18:22:46,251
YH1->FX1006->XG9, XG9->FX1007->YH2,2017:05:07:18:22:46, 2017:05:07:18:24:09,83
YH1->FX0312->XG9, XG9->FX0511->YH2,2017:05:07:18:25:22, 2017:05:07:18:26:23,61
YH1->FX0906->XG9, XG9->FX1006->YH2,2017:05:07:18:27:54, 2017:05:07:18:31:26,212
YH1->FX1005->XG9, XG9->FX1006->YH2,2017:05:07:18:31:26, 2017:05:07:18:33:09,103
YH1->FX0905->XG9, XG9->FX0509->YH2,2017:05:07:18:37:10, 2017:05:07:18:40:01,171
YH1->FX1004->XG9, XG9->FX0509->YH2,2017:05:07:18:40:01, 2017:05:07:18:43:29,208
YH1->FX0409->XG9, XG9->FX0508->YH2,2017:05:07:18:46:22, 2017:05:07:18:51:32,310
YH1->FX1003->XG9, XG9->FX0508->YH2,2017:05:07:18:51:32, 2017:05:07:18:51:54,22
YH1->FX0408->XG9, XG9->FX0507->YH2,2017:05:07:18:55:41, 2017:05:07:19:00:12,271
YH1->FX1002->XG9, XG9->FX1102->YH2,2017:05:07:19:00:18, 2017:05:07:19:01:50,92
YH1->FX0407->XG9, XG9->FX1101->YH2,2017:05:07:19:05:09, 2017:05:07:19:09:02,233
YH1->FX1001->XG9, XG9->FX1101->YH2,2017:05:07:19:09:02, 2017:05:07:19:11:09,127
YH1->FX0406->XG9, XG9->FX1112->YH2,2017:05:07:19:14:13, 2017:05:07:19:17:44,211
YH1->FX1012->XG9, XG9->FX1112->YH2,2017:05:07:19:17:44, 2017:05:07:19:20:21,157
YH1->FX0405->XG9, XG9->FX1111->YH2,2017:05:07:19:23:19, 2017:05:07:19:26:23,184
YH1->FX1011->XG9, XG9->FX1111->YH2,2017:05:07:19:26:23, 2017:05:07:19:29:18,175
YH1->FX0404->XG9, XG9->FX0603->YH2,2017:05:07:19:29:53, 2017:05:07:19:30:26,33
YH1->FX1010->XG9, XG9->FX1110->YH2,2017:05:07:19:35:00, 2017:05:07:19:38:13,193
YH1->FX0403->XG9, XG9->FX0602->YH2,2017:05:07:19:38:56, 2017:05:07:19:39:55,59
YH1->FX1009->XG9, XG9->FX1109->YH2,2017:05:07:19:43:34, 2017:05:07:19:47:05,211
YH1->FX0502->XG9, XG9->FX1109->YH2,2017:05:07:19:47:05, 2017:05:07:19:47:43,38
YH1->FX0402->XG9, XG9->FX0601->YH2,2017:05:07:19:48:05, 2017:05:07:19:49:21,76
YH1->FX1008->XG9, XG9->FX1108->YH2,2017:05:07:19:52:04, 2017:05:07:19:55:55,231
YH1->FX0501->XG9, XG9->FX1108->YH2,2017:05:07:19:55:55, 2017:05:07:19:56:47,52
YH1->FX0401->XG9, XG9->FX0612->YH2,2017:05:07:19:57:51, 2017:05:07:19:58:44,53
YH1->FX1007->XG9, XG9->FX1107->YH2,2017:05:07:20:00:30, 2017:05:07:20:04:42,252
YH1->FX0512->XG9, XG9->FX1107->YH2,2017:05:07:20:04:42, 2017:05:07:20:05:49,67
YH1->FX0412->XG9, XG9->FX0611->YH2,2017:05:07:20:06:47, 2017:05:07:20:08:04,77
YH1->FX1006->XG9, XG9->FX1106->YH2,2017:05:07:20:09:17, 2017:05:07:20:13:25,248
YH1->FX1105->XG9, XG9->FX1106->YH2,2017:05:07:20:13:25, 2017:05:07:20:14:49,84
YH1->FX0411->XG9, XG9->FX0610->YH2,2017:05:07:20:16:04, 2017:05:07:20:17:04,60
YH1->FX1005->XG9, XG9->FX1105->YH2,2017:05:07:20:18:35, 2017:05:07:20:22:05,210
YH1->FX1104->XG9, XG9->FX1105->YH2,2017:05:07:20:22:05, 2017:05:07:20:23:49,104
YH1->FX1004->XG9, XG9->FX0608->YH2,2017:05:07:20:27:52, 2017:05:07:20:30:40,168
YH1->FX1103->XG9, XG9->FX0608->YH2,2017:05:07:20:30:40, 2017:05:07:20:34:09,209
YH1->FX0508->XG9, XG9->FX0607->YH2,2017:05:07:20:37:04, 2017:05:07:20:42:13,309
YH1->FX1102->XG9, XG9->FX0607->YH2,2017:05:07:20:42:13, 2017:05:07:20:42:34,21
YH1->FX0507->XG9, XG9->FX0606->YH2,2017:05:07:20:46:23, 2017:05:07:20:50:52,269
YH1->FX1101->XG9, XG9->FX1201->YH2,2017:05:07:20:50:59, 2017:05:07:20:52:32,93
YH1->FX0506->XG9, XG9->FX1212->YH2,2017:05:07:20:55:50, 2017:05:07:20:59:43,233
YH1->FX1112->XG9, XG9->FX1212->YH2,2017:05:07:20:59:43, 2017:05:07:21:01:50,127
YH1->FX0505->XG9, XG9->FX1211->YH2,2017:05:07:21:04:54, 2017:05:07:21:08:25,211
YH1->FX1111->XG9, XG9->FX1211->YH2,2017:05:07:21:08:25, 2017:05:07:21:11:01,156
YH1->FX0504->XG9, XG9->FX1210->YH2,2017:05:07:21:14:00, 2017:05:07:21:17:04,184
YH1->FX1110->XG9, XG9->FX1210->YH2,2017:05:07:21:17:04, 2017:05:07:21:19:58,174
YH1->FX0503->XG9, XG9->FX0702->YH2,2017:05:07:21:20:35, 2017:05:07:21:21:09,34
YH1->FX1109->XG9, XG9->FX1209->YH2,2017:05:07:21:25:40, 2017:05:07:21:28:53,193
YH1->FX0502->XG9, XG9->FX0701->YH2,2017:05:07:21:29:38, 2017:05:07:21:30:37,59
YH1->FX1108->XG9, XG9->FX1208->YH2,2017:05:07:21:34:14, 2017:05:07:21:37:45,211
YH1->FX0601->XG9, XG9->FX1208->YH2,2017:05:07:21:37:45, 2017:05:07:21:38:24,39
YH1->FX0501->XG9, XG9->FX0712->YH2,2017:05:07:21:38:50, 2017:05:07:21:40:03,73
YH1->FX1107->XG9, XG9->FX1207->YH2,2017:05:07:21:42:44, 2017:05:07:21:46:34,230
YH1->FX0612->XG9, XG9->FX1207->YH2,2017:05:07:21:46:34, 2017:05:07:21:47:27,53
YH1->FX0512->XG9, XG9->FX0711->YH2,2017:05:07:21:48:32, 2017:05:07:21:49:26,54
YH1->FX1106->XG9, XG9->FX1206->YH2,2017:05:07:21:51:10, 2017:05:07:21:55:21,251
YH1->FX0611->XG9, XG9->FX1206->YH2,2017:05:07:21:55:21, 2017:05:07:21:56:29,68
YH1->FX0511->XG9, XG9->FX0710->YH2,2017:05:07:21:57:29, 2017:05:07:21:58:46,77
YH1->FX1105->XG9, XG9->FX1205->YH2,2017:05:07:21:59:58, 2017:05:07:22:04:05,247
YH1->FX1204->XG9, XG9->FX1205->YH2,2017:05:07:22:04:05, 2017:05:07:22:05:30,85
YH1->FX0510->XG9, XG9->FX0709->YH2,2017:05:07:22:06:46, 2017:05:07:22:07:45,59
YH1->FX1104->XG9, XG9->FX1204->YH2,2017:05:07:22:09:17, 2017:05:07:22:12:44,207
YH1->FX1203->XG9, XG9->FX1204->YH2,2017:05:07:22:12:44, 2017:05:07:22:14:30,106
YH1->FX1103->XG9, XG9->FX0707->YH2,2017:05:07:22:18:34, 2017:05:07:22:21:18,164
YH1->FX1202->XG9, XG9->FX0707->YH2,2017:05:07:22:21:18, 2017:05:07:22:24:49,211
YH1->FX0607->XG9, XG9->FX0706->YH2,2017:05:07:22:27:46, 2017:05:07:22:32:54,308
YH1->FX1201->XG9, XG9->FX0706->YH2,2017:05:07:22:32:54, 2017:05:07:22:33:14,20
YH1->FX0606->XG9, XG9->FX0705->YH2,2017:05:07:22:37:05, 2017:05:07:22:41:32,267
YH1->FX1212->XG9, XG9->FX1312->YH2,2017:05:07:22:41:40, 2017:05:07:22:43:13,93
YH1->FX0605->XG9, XG9->FX1311->YH2,2017:05:07:22:46:31, 2017:05:07:22:50:24,233
YH1->FX1211->XG9, XG9->FX1311->YH2,2017:05:07:22:50:24, 2017:05:07:22:52:31,127
YH1->FX0604->XG9, XG9->FX1310->YH2,2017:05:07:22:55:35, 2017:05:07:22:59:06,211
YH1->FX1210->XG9, XG9->FX1310->YH2,2017:05:07:22:59:06, 2017:05:07:23:01:42,156
YH1->FX0603->XG9, XG9->FX0802->YH2,2017:05:07:23:02:17, 2017:05:07:23:02:18,1
YH1->FX1209->XG9, XG9->FX1309->YH2,2017:05:07:23:07:45, 2017:05:07:23:10:38,173
YH1->FX0602->XG9, XG9->FX0801->YH2,2017:05:07:23:11:17, 2017:05:07:23:11:51,34
YH1->FX1208->XG9, XG9->FX1308->YH2,2017:05:07:23:16:21, 2017:05:07:23:19:33,192
YH1->FX0601->XG9, XG9->FX0812->YH2,2017:05:07:23:20:20, 2017:05:07:23:21:19,59
YH1->FX1207->XG9, XG9->FX1307->YH2,2017:05:07:23:24:54, 2017:05:07:23:28:25,211
YH1->FX0712->XG9, XG9->FX1307->YH2,2017:05:07:23:28:25, 2017:05:07:23:29:05,40
YH1->FX0612->XG9, XG9->FX0811->YH2,2017:05:07:23:29:35, 2017:05:07:23:30:45,70
YH1->FX1206->XG9, XG9->FX1306->YH2,2017:05:07:23:33:24, 2017:05:07:23:37:14,230
YH1->FX0711->XG9, XG9->FX1306->YH2,2017:05:07:23:37:14, 2017:05:07:23:38:08,54
YH1->FX0611->XG9, XG9->FX0810->YH2,2017:05:07:23:39:14, 2017:05:07:23:40:08,54
YH1->FX1205->XG9, XG9->FX1305->YH2,2017:05:07:23:41:50, 2017:05:07:23:46:01,251
YH1->FX0710->XG9, XG9->FX1305->YH2,2017:05:07:23:46:01, 2017:05:07:23:47:09,68
YH1->FX0610->XG9, XG9->FX0809->YH2,2017:05:07:23:48:10, 2017:05:07:23:49:28,78
YH1->FX1204->XG9, XG9->FX1304->YH2,2017:05:07:23:50:39, 2017:05:07:23:54:44,245
YH1->FX1303->XG9, XG9->FX1304->YH2,2017:05:07:23:54:44, 2017:05:07:23:56:10,86
YH1->FX0609->XG9, XG9->FX0808->YH2,2017:05:07:23:57:28, 2017:05:07:23:58:25,57
YH1->FX1203->XG9, XG9->FX1303->YH2,2017:05:07:23:59:58, 2017:05:08:00:03:23,205
YH1->FX1302->XG9, XG9->FX1303->YH2,2017:05:08:00:03:23, 2017:05:08:00:05:10,107
YH1->FX1202->XG9, XG9->FX0806->YH2,2017:05:08:00:09:15, 2017:05:08:00:11:57,162
YH1->FX1301->XG9, XG9->FX0806->YH2,2017:05:08:00:11:57, 2017:05:08:00:15:29,212
YH1->FX0706->XG9, XG9->FX0805->YH2,2017:05:08:00:18:27, 2017:05:08:00:23:35,308
YH1->FX1312->XG9, XG9->FX0805->YH2,2017:05:08:00:23:35, 2017:05:08:00:23:54,19
YH1->FX0705->XG9, XG9->FX0804->YH2,2017:05:08:00:27:46, 2017:05:08:00:32:11,265
YH1->FX1311->XG9, XG9->FX0105->YH2,2017:05:08:00:32:21, 2017:05:08:00:33:54,93
YH1->FX0704->XG9, XG9->FX0104->YH2,2017:05:08:00:37:12, 2017:05:08:00:41:05,233
YH1->FX1310->XG9, XG9->FX0104->YH2,2017:05:08:00:41:05, 2017:05:08:00:43:12,127
YH1->FX0703->XG9, XG9->FX0103->YH2,2017:05:08:00:46:16, 2017:05:08:00:49:46,210
YH1->FX1309->XG9, XG9->FX0103->YH2,2017:05:08:00:49:46, 2017:05:08:00:52:22,156
YH1->FX0702->XG9, XG9->FX0901->YH2,2017:05:08:00:52:59, 2017:05:08:00:53:00,1
YH1->FX1308->XG9, XG9->FX0102->YH2,2017:05:08:00:58:25, 2017:05:08:01:01:19,174
YH1->FX0701->XG9, XG9->FX0912->YH2,2017:05:08:01:01:59, 2017:05:08:01:02:32,33
YH1->FX1307->XG9, XG9->FX0101->YH2,2017:05:08:01:07:01, 2017:05:08:01:10:13,192
YH1->FX0712->XG9, XG9->FX0911->YH2,2017:05:08:01:11:01, 2017:05:08:01:12:01,60
YH1->FX1306->XG9, XG9->FX0112->YH2,2017:05:08:01:15:35, 2017:05:08:01:19:05,210
YH1->FX0811->XG9, XG9->FX0112->YH2,2017:05:08:01:19:05, 2017:05:08:01:19:45,40
YH1->FX0711->XG9, XG9->FX0910->YH2,2017:05:08:01:20:19, 2017:05:08:01:21:26,67
YH1->FX1305->XG9, XG9->FX0111->YH2,2017:05:08:01:24:05, 2017:05:08:01:27:54,229
YH1->FX0810->XG9, XG9->FX0111->YH2,2017:05:08:01:27:54, 2017:05:08:01:28:48,54
YH1->FX0710->XG9, XG9->FX0909->YH2,2017:05:08:01:29:55, 2017:05:08:01:30:49,54
YH1->FX1304->XG9, XG9->FX0110->YH2,2017:05:08:01:32:30, 2017:05:08:01:36:41,251
YH1->FX0809->XG9, XG9->FX0110->YH2,2017:05:08:01:36:41, 2017:05:08:01:37:50,69
YH1->FX0709->XG9, XG9->FX0908->YH2,2017:05:08:01:38:51, 2017:05:08:01:40:10,79
YH1->FX1303->XG9, XG9->FX0109->YH2,2017:05:08:01:41:21, 2017:05:08:01:45:24,243
YH1->FX0108->XG9, XG9->FX0109->YH2,2017:05:08:01:45:24, 2017:05:08:01:46:51,87
YH1->FX0708->XG9, XG9->FX0907->YH2,2017:05:08:01:48:10, 2017:05:08:01:49:05,55
YH1->FX1302->XG9, XG9->FX0108->YH2,2017:05:08:01:50:39, 2017:05:08:01:54:03,204
YH1->FX0107->XG9, XG9->FX0108->YH2,2017:05:08:01:54:03, 2017:05:08:01:55:51,108
YH1->FX1301->XG9, XG9->FX0905->YH2,2017:05:08:01:59:55, 2017:05:08:02:02:36,161
YH1->FX0106->XG9, XG9->FX0905->YH2,2017:05:08:02:02:36, 2017:05:08:02:06:09,213
YH1->FX0805->XG9, XG9->FX0904->YH2,2017:05:08:02:09:08, 2017:05:08:02:14:15,307
YH1->FX0105->XG9, XG9->FX0904->YH2,2017:05:08:02:14:15, 2017:05:08:02:14:33,18
YH1->FX0804->XG9, XG9->FX0903->YH2,2017:05:08:02:18:27, 2017:05:08:02:22:50,263
YH1->FX0104->XG9, XG9->FX0204->YH2,2017:05:08:02:23:01, 2017:05:08:02:24:35,94
YH1->FX0803->XG9, XG9->FX0203->YH2,2017:05:08:02:27:53, 2017:05:08:02:31:45,232
YH1->FX0103->XG9, XG9->FX0203->YH2,2017:05:08:02:31:45, 2017:05:08:02:33:53,128
YH1->FX0802->XG9, XG9->FX0202->YH2,2017:05:08:02:36:57, 2017:05:08:02:40:26,209
YH1->FX0102->XG9, XG9->FX0202->YH2,2017:05:08:02:40:26, 2017:05:08:02:43:03,157
YH1->FX0801->XG9, XG9->FX1012->YH2,2017:05:08:02:43:40, 2017:05:08:02:43:42,2
YH1->FX0101->XG9, XG9->FX0201->YH2,2017:05:08:02:49:05, 2017:05:08:02:52:00,175
YH1->FX0812->XG9, XG9->FX1011->YH2,2017:05:08:02:52:40, 2017:05:08:02:53:14,34
YH1->FX0112->XG9, XG9->FX0212->YH2,2017:05:08:02:57:41, 2017:05:08:03:00:54,193
YH1->FX0811->XG9, XG9->FX1010->YH2,2017:05:08:03:01:43, 2017:05:08:03:02:43,60
YH1->FX0111->XG9, XG9->FX0211->YH2,2017:05:08:03:06:15, 2017:05:08:03:09:46,211
YH1->FX0910->XG9, XG9->FX0211->YH2,2017:05:08:03:09:46, 2017:05:08:03:10:26,40
YH1->FX0810->XG9, XG9->FX1009->YH2,2017:05:08:03:11:03, 2017:05:08:03:12:08,65
YH1->FX0110->XG9, XG9->FX0210->YH2,2017:05:08:03:14:44, 2017:05:08:03:18:35,231
YH1->FX0909->XG9, XG9->FX0210->YH2,2017:05:08:03:18:35, 2017:05:08:03:19:30,55
YH1->FX0809->XG9, XG9->FX1008->YH2,2017:05:08:03:20:35, 2017:05:08:03:21:31,56
YH1->FX0109->XG9, XG9->FX0209->YH2,2017:05:08:03:23:10, 2017:05:08:03:27:21,251
YH1->FX0908->XG9, XG9->FX0209->YH2,2017:05:08:03:27:21, 2017:05:08:03:28:31,70
YH1->FX0808->XG9, XG9->FX1007->YH2,2017:05:08:03:29:31, 2017:05:08:03:30:51,80
YH1->FX0108->XG9, XG9->FX0208->YH2,2017:05:08:03:32:03, 2017:05:08:03:36:04,241
YH1->FX0207->XG9, XG9->FX0208->YH2,2017:05:08:03:36:04, 2017:05:08:03:37:32,88
YH1->FX0807->XG9, XG9->FX1006->YH2,2017:05:08:03:38:52, 2017:05:08:03:39:44,52
YH1->FX0107->XG9, XG9->FX0207->YH2,2017:05:08:03:41:21, 2017:05:08:03:44:43,202
YH1->FX0206->XG9, XG9->FX0207->YH2,2017:05:08:03:44:43, 2017:05:08:03:46:32,109
YH1->FX0106->XG9, XG9->FX1004->YH2,2017:05:08:03:50:36, 2017:05:08:03:53:16,160
YH1->FX0205->XG9, XG9->FX1004->YH2,2017:05:08:03:53:16, 2017:05:08:03:56:48,212
YH1->FX0904->XG9, XG9->FX1003->YH2,2017:05:08:03:59:49, 2017:05:08:04:04:56,307
YH1->FX0204->XG9, XG9->FX1003->YH2,2017:05:08:04:04:56, 2017:05:08:04:05:12,16
YH1->FX0903->XG9, XG9->FX1002->YH2,2017:05:08:04:09:08, 2017:05:08:04:13:29,261
YH1->FX0203->XG9, XG9->FX0303->YH2,2017:05:08:04:13:41, 2017:05:08:04:15:18,97
YH1->FX0902->XG9, XG9->FX0302->YH2,2017:05:08:04:18:35, 2017:05:08:04:22:25,230
YH1->FX0202->XG9, XG9->FX0302->YH2,2017:05:08:04:22:25, 2017:05:08:04:24:35,130
YH1->FX0901->XG9, XG9->FX0301->YH2,2017:05:08:04:27:39, 2017:05:08:04:31:06,207
YH1->FX0201->XG9, XG9->FX0301->YH2,2017:05:08:04:31:06, 2017:05:08:04:33:44,158
YH1->FX0912->XG9, XG9->FX1111->YH2,2017:05:08:04:34:20, 2017:05:08:04:34:24,4
YH1->FX0212->XG9, XG9->FX0312->YH2,2017:05:08:04:39:45, 2017:05:08:04:42:41,176
YH1->FX0911->XG9, XG9->FX1110->YH2,2017:05:08:04:43:20, 2017:05:08:04:43:56,36
YH1->FX0211->XG9, XG9->FX0311->YH2,2017:05:08:04:48:21, 2017:05:08:04:51:35,194
YH1->FX0910->XG9, XG9->FX1109->YH2,2017:05:08:04:52:23, 2017:05:08:04:53:24,61
YH1->FX0210->XG9, XG9->FX0310->YH2,2017:05:08:04:56:54, 2017:05:08:05:00:27,213
YH1->FX1009->XG9, XG9->FX0310->YH2,2017:05:08:05:00:27, 2017:05:08:05:01:08,41
YH1->FX0909->XG9, XG9->FX1108->YH2,2017:05:08:05:01:47, 2017:05:08:05:02:50,63
YH1->FX0209->XG9, XG9->FX0309->YH2,2017:05:08:05:05:24, 2017:05:08:05:09:16,232
YH1->FX1008->XG9, XG9->FX0309->YH2,2017:05:08:05:09:16, 2017:05:08:05:10:11,55
YH1->FX0908->XG9, XG9->FX1107->YH2,2017:05:08:05:11:16, 2017:05:08:05:12:12,56
YH1->FX0208->XG9, XG9->FX0308->YH2,2017:05:08:05:13:49, 2017:05:08:05:18:02,253
YH1->FX1007->XG9, XG9->FX0308->YH2,2017:05:08:05:18:02, 2017:05:08:05:19:13,71
YH1->FX0907->XG9, XG9->FX1106->YH2,2017:05:08:05:20:11, 2017:05:08:05:21:33,82
YH1->FX0207->XG9, XG9->FX0307->YH2,2017:05:08:05:22:45, 2017:05:08:05:26:45,240
YH1->FX0306->XG9, XG9->FX0307->YH2,2017:05:08:05:26:45, 2017:05:08:05:28:14,89
YH1->FX0906->XG9, XG9->FX1105->YH2,2017:05:08:05:29:35, 2017:05:08:05:30:23,48
YH1->FX0206->XG9, XG9->FX0306->YH2,2017:05:08:05:32:03, 2017:05:08:05:35:24,201
YH1->FX0305->XG9, XG9->FX0306->YH2,2017:05:08:05:35:24, 2017:05:08:05:37:13,109
YH1->FX1004->XG9, XG9->FX1103->YH2,2017:05:08:05:41:17, 2017:05:08:05:46:47,330
YH1->FX0304->XG9, XG9->FX1103->YH2,2017:05:08:05:46:47, 2017:05:08:05:47:26,39
YH1->FX1003->XG9, XG9->FX1102->YH2,2017:05:08:05:50:30, 2017:05:08:05:55:35,305
YH1->FX0303->XG9, XG9->FX1102->YH2,2017:05:08:05:55:35, 2017:05:08:05:55:50,15
YH1->FX1002->XG9, XG9->FX1101->YH2,2017:05:08:05:59:50, 2017:05:08:06:04:06,256
YH1->FX0302->XG9, XG9->FX0402->YH2,2017:05:08:06:04:21, 2017:05:08:06:06:00,99
YH1->FX1001->XG9, XG9->FX0401->YH2,2017:05:08:06:09:17, 2017:05:08:06:13:05,228
YH1->FX0301->XG9, XG9->FX0401->YH2,2017:05:08:06:13:05, 2017:05:08:06:15:18,133
YH1->FX1012->XG9, XG9->FX0412->YH2,2017:05:08:06:18:21, 2017:05:08:06:21:46,205
YH1->FX0312->XG9, XG9->FX0412->YH2,2017:05:08:06:21:46, 2017:05:08:06:24:26,160
YH1->FX1011->XG9, XG9->FX1210->YH2,2017:05:08:06:25:01, 2017:05:08:06:25:07,6
YH1->FX0311->XG9, XG9->FX0411->YH2,2017:05:08:06:30:24, 2017:05:08:06:33:22,178
YH1->FX1010->XG9, XG9->FX1209->YH2,2017:05:08:06:34:01, 2017:05:08:06:34:39,38
YH1->FX0310->XG9, XG9->FX0410->YH2,2017:05:08:06:39:00, 2017:05:08:06:42:16,196
YH1->FX1009->XG9, XG9->FX1208->YH2,2017:05:08:06:43:04, 2017:05:08:06:44:07,63
YH1->FX0309->XG9, XG9->FX0409->YH2,2017:05:08:06:47:33, 2017:05:08:06:51:08,215
YH1->FX1108->XG9, XG9->FX0409->YH2,2017:05:08:06:51:08, 2017:05:08:06:51:50,42
YH1->FX1008->XG9, XG9->FX1207->YH2,2017:05:08:06:52:31, 2017:05:08:06:53:32,61
YH1->FX0308->XG9, XG9->FX0408->YH2,2017:05:08:06:56:02, 2017:05:08:06:59:57,235
YH1->FX1107->XG9, XG9->FX0408->YH2,2017:05:08:06:59:57, 2017:05:08:07:00:53,56
YH1->FX1007->XG9, XG9->FX1206->YH2,2017:05:08:07:01:56, 2017:05:08:07:02:54,58
YH1->FX0307->XG9, XG9->FX0407->YH2,2017:05:08:07:04:28, 2017:05:08:07:08:43,255
YH1->FX1106->XG9, XG9->FX0407->YH2,2017:05:08:07:08:43, 2017:05:08:07:09:55,72
YH1->FX1006->XG9, XG9->FX1205->YH2,2017:05:08:07:10:52, 2017:05:08:07:12:14,82
YH1->FX0306->XG9, XG9->FX0406->YH2,2017:05:08:07:13:27, 2017:05:08:07:17:26,239
YH1->FX0405->XG9, XG9->FX0406->YH2,2017:05:08:07:17:26, 2017:05:08:07:18:55,89
YH1->FX1005->XG9, XG9->FX1204->YH2,2017:05:08:07:20:18, 2017:05:08:07:21:02,44
YH1->FX0305->XG9, XG9->FX0405->YH2,2017:05:08:07:22:46, 2017:05:08:07:26:05,199
YH1->FX0404->XG9, XG9->FX0405->YH2,2017:05:08:07:26:05, 2017:05:08:07:27:55,110
YH1->FX1103->XG9, XG9->FX1202->YH2,2017:05:08:07:31:58, 2017:05:08:07:37:27,329
YH1->FX0403->XG9, XG9->FX1202->YH2,2017:05:08:07:37:27, 2017:05:08:07:38:04,37
YH1->FX1102->XG9, XG9->FX1201->YH2,2017:05:08:07:41:12, 2017:05:08:07:46:15,303
YH1->FX0402->XG9, XG9->FX1201->YH2,2017:05:08:07:46:15, 2017:05:08:07:46:28,13
YH1->FX1101->XG9, XG9->FX1212->YH2,2017:05:08:07:50:32, 2017:05:08:07:54:43,251
YH1->FX0401->XG9, XG9->FX0501->YH2,2017:05:08:07:55:01, 2017:05:08:07:56:44,103
YH1->FX1112->XG9, XG9->FX0512->YH2,2017:05:08:07:59:59, 2017:05:08:08:03:44,225
YH1->FX0412->XG9, XG9->FX0512->YH2,2017:05:08:08:03:44, 2017:05:08:08:06:00,136
YH1->FX1111->XG9, XG9->FX0511->YH2,2017:05:08:08:09:03, 2017:05:08:08:12:25,202
YH1->FX0411->XG9, XG9->FX0511->YH2,2017:05:08:08:12:25, 2017:05:08:08:15:07,162
YH1->FX1110->XG9, XG9->FX1309->YH2,2017:05:08:08:15:41, 2017:05:08:08:15:51,10
YH1->FX0410->XG9, XG9->FX0510->YH2,2017:05:08:08:21:03, 2017:05:08:08:24:04,181
YH1->FX1109->XG9, XG9->FX1308->YH2,2017:05:08:08:24:41, 2017:05:08:08:25:22,41
YH1->FX0409->XG9, XG9->FX0509->YH2,2017:05:08:08:29:39, 2017:05:08:08:32:58,199
YH1->FX1108->XG9, XG9->FX1307->YH2,2017:05:08:08:33:45, 2017:05:08:08:34:50,65
YH1->FX0408->XG9, XG9->FX0508->YH2,2017:05:08:08:38:12, 2017:05:08:08:41:49,217
YH1->FX1207->XG9, XG9->FX0508->YH2,2017:05:08:08:41:49, 2017:05:08:08:42:32,43
YH1->FX1107->XG9, XG9->FX1306->YH2,2017:05:08:08:43:16, 2017:05:08:08:44:15,59
YH1->FX0407->XG9, XG9->FX0507->YH2,2017:05:08:08:46:41, 2017:05:08:08:50:38,237
YH1->FX1206->XG9, XG9->FX0507->YH2,2017:05:08:08:50:38, 2017:05:08:08:51:35,57
YH1->FX1106->XG9, XG9->FX1305->YH2,2017:05:08:08:52:36, 2017:05:08:08:53:37,61
YH1->FX0406->XG9, XG9->FX0506->YH2,2017:05:08:08:55:06, 2017:05:08:08:59:24,258
YH1->FX1205->XG9, XG9->FX0506->YH2,2017:05:08:08:59:24, 2017:05:08:09:00:37,73
YH1->FX1105->XG9, XG9->FX1304->YH2,2017:05:08:09:01:32, 2017:05:08:09:02:57,85
YH1->FX0405->XG9, XG9->FX0505->YH2,2017:05:08:09:04:11, 2017:05:08:09:08:07,236
YH1->FX0504->XG9, XG9->FX0505->YH2,2017:05:08:09:08:07, 2017:05:08:09:09:37,90
YH1->FX1104->XG9, XG9->FX1303->YH2,2017:05:08:09:11:02, 2017:05:08:09:11:39,37
YH1->FX0404->XG9, XG9->FX0504->YH2,2017:05:08:09:13:29, 2017:05:08:09:16:45,196
YH1->FX0503->XG9, XG9->FX0504->YH2,2017:05:08:09:16:45, 2017:05:08:09:18:37,112
YH1->FX1202->XG9, XG9->FX1301->YH2,2017:05:08:09:22:40, 2017:05:08:09:28:07,327
YH1->FX0502->XG9, XG9->FX1301->YH2,2017:05:08:09:28:07, 2017:05:08:09:28:42,35
YH1->FX1201->XG9, XG9->FX1312->YH2,2017:05:08:09:31:54, 2017:05:08:09:36:55,301
YH1->FX0501->XG9, XG9->FX1312->YH2,2017:05:08:09:36:55, 2017:05:08:09:37:05,10
YH1->FX1212->XG9, XG9->FX1311->YH2,2017:05:08:09:41:16, 2017:05:08:09:45:19,243
YH1->FX0512->XG9, XG9->FX0612->YH2,2017:05:08:09:45:40, 2017:05:08:09:47:27,107
YH1->FX1211->XG9, XG9->FX0611->YH2,2017:05:08:09:50:41, 2017:05:08:09:54:23,222
YH1->FX0511->XG9, XG9->FX0611->YH2,2017:05:08:09:54:23, 2017:05:08:09:56:44,141
YH1->FX1210->XG9, XG9->FX0610->YH2,2017:05:08:09:59:46, 2017:05:08:10:03:04,198
YH1->FX0510->XG9, XG9->FX0610->YH2,2017:05:08:10:03:04, 2017:05:08:10:05:49,165
YH1->FX1209->XG9, XG9->FX0102->YH2,2017:05:08:10:06:22, 2017:05:08:10:06:35,13
YH1->FX0509->XG9, XG9->FX0609->YH2,2017:05:08:10:11:42, 2017:05:08:10:14:46,184
YH1->FX1208->XG9, XG9->FX0101->YH2,2017:05:08:10:15:22, 2017:05:08:10:16:06,44
YH1->FX0508->XG9, XG9->FX0608->YH2,2017:05:08:10:20:18, 2017:05:08:10:23:39,201
YH1->FX1207->XG9, XG9->FX0112->YH2,2017:05:08:10:24:26, 2017:05:08:10:25:33,67
YH1->FX0507->XG9, XG9->FX0607->YH2,2017:05:08:10:28:50, 2017:05:08:10:32:31,221
YH1->FX1306->XG9, XG9->FX0607->YH2,2017:05:08:10:32:31, 2017:05:08:10:33:14,43
YH1->FX1206->XG9, XG9->FX0111->YH2,2017:05:08:10:34:01, 2017:05:08:10:34:58,57
YH1->FX0506->XG9, XG9->FX0606->YH2,2017:05:08:10:37:19, 2017:05:08:10:41:20,241
YH1->FX1305->XG9, XG9->FX0606->YH2,2017:05:08:10:41:20, 2017:05:08:10:42:17,57
YH1->FX1205->XG9, XG9->FX0110->YH2,2017:05:08:10:43:16, 2017:05:08:10:44:20,64
YH1->FX0505->XG9, XG9->FX0605->YH2,2017:05:08:10:45:44, 2017:05:08:10:50:05,261
YH1->FX0604->XG9, XG9->FX0605->YH2,2017:05:08:10:50:05, 2017:05:08:10:51:19,74
YH1->FX1204->XG9, XG9->FX0109->YH2,2017:05:08:10:52:13, 2017:05:08:10:53:39,86
YH1->FX0504->XG9, XG9->FX0604->YH2,2017:05:08:10:54:54, 2017:05:08:10:58:48,234
YH1->FX0603->XG9, XG9->FX0604->YH2,2017:05:08:10:58:48, 2017:05:08:11:00:19,91
YH1->FX1203->XG9, XG9->FX0108->YH2,2017:05:08:11:01:45, 2017:05:08:11:02:16,31
YH1->FX0503->XG9, XG9->FX0107->YH2,2017:05:08:11:04:13, 2017:05:08:11:07:26,193
YH1->FX0602->XG9, XG9->FX0107->YH2,2017:05:08:11:07:26, 2017:05:08:11:10:52,206
YH1->FX1301->XG9, XG9->FX0106->YH2,2017:05:08:11:13:23, 2017:05:08:11:18:47,324
YH1->FX0601->XG9, XG9->FX0106->YH2,2017:05:08:11:18:47, 2017:05:08:11:19:20,33
YH1->FX1312->XG9, XG9->FX0105->YH2,2017:05:08:11:22:37, 2017:05:08:11:27:34,297
YH1->FX0612->XG9, XG9->FX0105->YH2,2017:05:08:11:27:34, 2017:05:08:11:27:43,9
YH1->FX1311->XG9, XG9->FX0104->YH2,2017:05:08:11:32:00, 2017:05:08:11:35:56,236
YH1->FX0611->XG9, XG9->FX0711->YH2,2017:05:08:11:36:20, 2017:05:08:11:38:11,111
YH1->FX1310->XG9, XG9->FX0710->YH2,2017:05:08:11:41:23, 2017:05:08:11:45:03,220
YH1->FX0610->XG9, XG9->FX0710->YH2,2017:05:08:11:45:03, 2017:05:08:11:47:27,144
YH1->FX1309->XG9, XG9->FX0709->YH2,2017:05:08:11:50:28, 2017:05:08:11:53:43,195
YH1->FX0609->XG9, XG9->FX0709->YH2,2017:05:08:11:53:43, 2017:05:08:11:56:31,168
YH1->FX1308->XG9, XG9->FX0201->YH2,2017:05:08:11:57:02, 2017:05:08:11:57:19,17
YH1->FX0608->XG9, XG9->FX0708->YH2,2017:05:08:12:02:21, 2017:05:08:12:05:27,186
YH1->FX1307->XG9, XG9->FX0212->YH2,2017:05:08:12:06:03, 2017:05:08:12:06:50,47
YH1->FX0607->XG9, XG9->FX0707->YH2,2017:05:08:12:10:57, 2017:05:08:12:14:21,204
YH1->FX1306->XG9, XG9->FX0211->YH2,2017:05:08:12:15:07, 2017:05:08:12:16:17,70
YH1->FX0606->XG9, XG9->FX0706->YH2,2017:05:08:12:19:29, 2017:05:08:12:23:12,223
YH1->FX0111->XG9, XG9->FX0706->YH2,2017:05:08:12:23:12, 2017:05:08:12:23:57,45
YH1->FX1305->XG9, XG9->FX0210->YH2,2017:05:08:12:24:46, 2017:05:08:12:25:41,55
YH1->FX0605->XG9, XG9->FX0705->YH2,2017:05:08:12:27:57, 2017:05:08:12:32:01,244
YH1->FX0110->XG9, XG9->FX0705->YH2,2017:05:08:12:32:01, 2017:05:08:12:32:59,58
YH1->FX1304->XG9, XG9->FX0209->YH2,2017:05:08:12:33:57, 2017:05:08:12:35:03,66
YH1->FX0604->XG9, XG9->FX0704->YH2,2017:05:08:12:36:22, 2017:05:08:12:40:46,264
YH1->FX0703->XG9, XG9->FX0704->YH2,2017:05:08:12:40:46, 2017:05:08:12:42:01,75
YH1->FX1303->XG9, XG9->FX0208->YH2,2017:05:08:12:42:58, 2017:05:08:12:44:22,84
YH1->FX0603->XG9, XG9->FX0703->YH2,2017:05:08:12:45:37, 2017:05:08:12:49:28,231
YH1->FX0702->XG9, XG9->FX0703->YH2,2017:05:08:12:49:28, 2017:05:08:12:51:01,93
YH1->FX1302->XG9, XG9->FX0207->YH2,2017:05:08:12:52:29, 2017:05:08:12:52:53,24
YH1->FX0602->XG9, XG9->FX0206->YH2,2017:05:08:12:54:55, 2017:05:08:12:58:06,191
YH1->FX0701->XG9, XG9->FX0206->YH2,2017:05:08:12:58:06, 2017:05:08:13:01:31,205
YH1->FX0106->XG9, XG9->FX0205->YH2,2017:05:08:13:04:06, 2017:05:08:13:09:27,321
YH1->FX0712->XG9, XG9->FX0205->YH2,2017:05:08:13:09:27, 2017:05:08:13:09:59,32
YH1->FX0105->XG9, XG9->FX0204->YH2,2017:05:08:13:13:21, 2017:05:08:13:18:14,293
YH1->FX0711->XG9, XG9->FX0204->YH2,2017:05:08:13:18:14, 2017:05:08:13:18:21,7
YH1->FX0104->XG9, XG9->FX0203->YH2,2017:05:08:13:22:44, 2017:05:08:13:26:33,229
YH1->FX0710->XG9, XG9->FX0810->YH2,2017:05:08:13:26:59, 2017:05:08:13:28:54,115
YH1->FX0103->XG9, XG9->FX0809->YH2,2017:05:08:13:32:05, 2017:05:08:13:35:42,217
YH1->FX0709->XG9, XG9->FX0809->YH2,2017:05:08:13:35:42, 2017:05:08:13:38:10,148
YH1->FX0102->XG9, XG9->FX0808->YH2,2017:05:08:13:41:09, 2017:05:08:13:44:23,194
YH1->FX0708->XG9, XG9->FX0808->YH2,2017:05:08:13:44:23, 2017:05:08:13:47:12,169
YH1->FX0101->XG9, XG9->FX0312->YH2,2017:05:08:13:47:43, 2017:05:08:13:48:04,21
YH1->FX0707->XG9, XG9->FX0807->YH2,2017:05:08:13:53:01, 2017:05:08:13:56:08,187
YH1->FX0112->XG9, XG9->FX0311->YH2,2017:05:08:13:56:44, 2017:05:08:13:57:34,50
YH1->FX0706->XG9, XG9->FX0806->YH2,2017:05:08:14:01:36, 2017:05:08:14:05:02,206
YH1->FX0211->XG9, XG9->FX0806->YH2,2017:05:08:14:05:02, 2017:05:08:14:05:12,10
YH1->FX0111->XG9, XG9->FX0310->YH2,2017:05:08:14:05:48, 2017:05:08:14:07:00,72
YH1->FX0705->XG9, XG9->FX0805->YH2,2017:05:08:14:10:08, 2017:05:08:14:13:53,225
YH1->FX0210->XG9, XG9->FX0805->YH2,2017:05:08:14:13:53, 2017:05:08:14:14:38,45
YH1->FX0110->XG9, XG9->FX0309->YH2,2017:05:08:14:15:31, 2017:05:08:14:16:24,53
YH1->FX0704->XG9, XG9->FX0804->YH2,2017:05:08:14:18:36, 2017:05:08:14:22:41,245
YH1->FX0209->XG9, XG9->FX0804->YH2,2017:05:08:14:22:41, 2017:05:08:14:23:41,60
YH1->FX0109->XG9, XG9->FX0308->YH2,2017:05:08:14:24:38, 2017:05:08:14:25:46,68
YH1->FX0703->XG9, XG9->FX0803->YH2,2017:05:08:14:27:03, 2017:05:08:14:31:26,263
YH1->FX0802->XG9, XG9->FX0803->YH2,2017:05:08:14:31:26, 2017:05:08:14:32:42,76
YH1->FX0108->XG9, XG9->FX0307->YH2,2017:05:08:14:33:42, 2017:05:08:14:35:03,81
YH1->FX0702->XG9, XG9->FX0802->YH2,2017:05:08:14:36:20, 2017:05:08:14:40:08,228
YH1->FX0801->XG9, XG9->FX0802->YH2,2017:05:08:14:40:08, 2017:05:08:14:41:43,95
YH1->FX0107->XG9, XG9->FX0306->YH2,2017:05:08:14:43:12, 2017:05:08:14:43:29,17
YH1->FX0701->XG9, XG9->FX0305->YH2,2017:05:08:14:45:38, 2017:05:08:14:48:45,187
YH1->FX0812->XG9, XG9->FX0305->YH2,2017:05:08:14:48:45, 2017:05:08:14:52:11,206
YH1->FX0205->XG9, XG9->FX0304->YH2,2017:05:08:14:54:49, 2017:05:08:15:00:08,319
YH1->FX0811->XG9, XG9->FX0304->YH2,2017:05:08:15:00:08, 2017:05:08:15:00:38,30
YH1->FX0204->XG9, XG9->FX0303->YH2,2017:05:08:15:04:04, 2017:05:08:15:08:55,291
YH1->FX0810->XG9, XG9->FX0303->YH2,2017:05:08:15:08:55, 2017:05:08:15:08:59,4
YH1->FX0203->XG9, XG9->FX0302->YH2,2017:05:08:15:13:29, 2017:05:08:15:17:10,221
YH1->FX0809->XG9, XG9->FX0909->YH2,2017:05:08:15:17:40, 2017:05:08:15:19:37,117
YH1->FX0202->XG9, XG9->FX0908->YH2,2017:05:08:15:22:46, 2017:05:08:15:26:22,216
YH1->FX0808->XG9, XG9->FX0908->YH2,2017:05:08:15:26:22, 2017:05:08:15:28:52,150
YH1->FX0201->XG9, XG9->FX0907->YH2,2017:05:08:15:31:51, 2017:05:08:15:35:03,192
YH1->FX0807->XG9, XG9->FX0907->YH2,2017:05:08:15:35:03, 2017:05:08:15:37:53,170
YH1->FX0212->XG9, XG9->FX0411->YH2,2017:05:08:15:38:25, 2017:05:08:15:38:48,23
YH1->FX0806->XG9, XG9->FX0906->YH2,2017:05:08:15:43:40, 2017:05:08:15:46:49,189
YH1->FX0211->XG9, XG9->FX0410->YH2,2017:05:08:15:47:26, 2017:05:08:15:48:17,51
YH1->FX0805->XG9, XG9->FX0905->YH2,2017:05:08:15:52:15, 2017:05:08:15:55:42,207
YH1->FX0310->XG9, XG9->FX0905->YH2,2017:05:08:15:55:42, 2017:05:08:15:56:03,21
YH1->FX0210->XG9, XG9->FX0409->YH2,2017:05:08:15:56:30, 2017:05:08:15:57:44,74
YH1->FX0804->XG9, XG9->FX0904->YH2,2017:05:08:16:00:47, 2017:05:08:16:04:33,226
YH1->FX0309->XG9, XG9->FX0904->YH2,2017:05:08:16:04:33, 2017:05:08:16:05:20,47
YH1->FX0209->XG9, XG9->FX0408->YH2,2017:05:08:16:06:17, 2017:05:08:16:07:08,51
YH1->FX0803->XG9, XG9->FX0903->YH2,2017:05:08:16:09:15, 2017:05:08:16:13:21,246
YH1->FX0308->XG9, XG9->FX0903->YH2,2017:05:08:16:13:21, 2017:05:08:16:14:22,61
YH1->FX0208->XG9, XG9->FX0407->YH2,2017:05:08:16:15:20, 2017:05:08:16:16:29,69
YH1->FX0802->XG9, XG9->FX0902->YH2,2017:05:08:16:17:45, 2017:05:08:16:22:06,261
YH1->FX0901->XG9, XG9->FX0902->YH2,2017:05:08:16:22:06, 2017:05:08:16:23:23,77
YH1->FX0207->XG9, XG9->FX0406->YH2,2017:05:08:16:24:26, 2017:05:08:16:25:43,77
YH1->FX0801->XG9, XG9->FX0901->YH2,2017:05:08:16:27:02, 2017:05:08:16:30:48,226
YH1->FX0912->XG9, XG9->FX0901->YH2,2017:05:08:16:30:48, 2017:05:08:16:32:24,96
YH1->FX0206->XG9, XG9->FX0405->YH2,2017:05:08:16:33:55, 2017:05:08:16:34:07,12
YH1->FX0812->XG9, XG9->FX0404->YH2,2017:05:08:16:36:21, 2017:05:08:16:39:24,183
YH1->FX0911->XG9, XG9->FX0404->YH2,2017:05:08:16:39:24, 2017:05:08:16:42:51,207
YH1->FX0304->XG9, XG9->FX0403->YH2,2017:05:08:16:45:32, 2017:05:08:16:50:48,316
YH1->FX0910->XG9, XG9->FX0403->YH2,2017:05:08:16:50:48, 2017:05:08:16:51:18,30
YH1->FX0303->XG9, XG9->FX0402->YH2,2017:05:08:16:54:48, 2017:05:08:16:59:35,287
YH1->FX0909->XG9, XG9->FX0402->YH2,2017:05:08:16:59:35, 2017:05:08:16:59:38,3
YH1->FX0302->XG9, XG9->FX0401->YH2,2017:05:08:17:04:14, 2017:05:08:17:07:48,214
YH1->FX0908->XG9, XG9->FX0512->YH2,2017:05:08:17:08:20, 2017:05:08:17:10:20,120
YH1->FX0301->XG9, XG9->FX1007->YH2,2017:05:08:17:13:27, 2017:05:08:17:17:03,216
YH1->FX0907->XG9, XG9->FX1007->YH2,2017:05:08:17:17:03, 2017:05:08:17:19:34,151
YH1->FX0312->XG9, XG9->FX1006->YH2,2017:05:08:17:22:32, 2017:05:08:17:25:43,191
YH1->FX0906->XG9, XG9->FX1006->YH2,2017:05:08:17:25:43, 2017:05:08:17:28:34,171
YH1->FX0311->XG9, XG9->FX0510->YH2,2017:05:08:17:29:07, 2017:05:08:17:29:31,24
YH1->FX0905->XG9, XG9->FX1005->YH2,2017:05:08:17:34:20, 2017:05:08:17:37:29,189
YH1->FX0310->XG9, XG9->FX0509->YH2,2017:05:08:17:38:08, 2017:05:08:17:39:01,53
YH1->FX0904->XG9, XG9->FX1004->YH2,2017:05:08:17:42:55, 2017:05:08:17:46:22,207
YH1->FX0409->XG9, XG9->FX1004->YH2,2017:05:08:17:46:22, 2017:05:08:17:46:52,30
YH1->FX0309->XG9, XG9->FX0508->YH2,2017:05:08:17:47:12, 2017:05:08:17:48:27,75
YH1->FX0903->XG9, XG9->FX1003->YH2,2017:05:08:17:51:26, 2017:05:08:17:55:13,227
YH1->FX0408->XG9, XG9->FX1003->YH2,2017:05:08:17:55:13, 2017:05:08:17:56:01,48
YH1->FX0308->XG9, XG9->FX0507->YH2,2017:05:08:17:57:02, 2017:05:08:17:57:51,49
YH1->FX0902->XG9, XG9->FX1002->YH2,2017:05:08:17:59:54, 2017:05:08:18:04:01,247
YH1->FX0407->XG9, XG9->FX1002->YH2,2017:05:08:18:04:01, 2017:05:08:18:05:03,62
YH1->FX0307->XG9, XG9->FX0506->YH2,2017:05:08:18:06:02, 2017:05:08:18:07:12,70
YH1->FX0901->XG9, XG9->FX1001->YH2,2017:05:08:18:08:27, 2017:05:08:18:12:46,259
YH1->FX1012->XG9, XG9->FX1001->YH2,2017:05:08:18:12:46, 2017:05:08:18:14:04,78
YH1->FX0306->XG9, XG9->FX0505->YH2,2017:05:08:18:15:10, 2017:05:08:18:16:24,74
YH1->FX0912->XG9, XG9->FX1012->YH2,2017:05:08:18:17:44, 2017:05:08:18:21:27,223
YH1->FX1011->XG9, XG9->FX1012->YH2,2017:05:08:18:21:27, 2017:05:08:18:23:04,97
YH1->FX0305->XG9, XG9->FX0504->YH2,2017:05:08:18:24:37, 2017:05:08:18:24:44,7
YH1->FX0911->XG9, XG9->FX0503->YH2,2017:05:08:18:27:03, 2017:05:08:18:30:03,180
YH1->FX1010->XG9, XG9->FX0503->YH2,2017:05:08:18:30:03, 2017:05:08:18:33:31,208
YH1->FX0403->XG9, XG9->FX0502->YH2,2017:05:08:18:36:14, 2017:05:08:18:41:30,316
YH1->FX1009->XG9, XG9->FX0502->YH2,2017:05:08:18:41:30, 2017:05:08:18:41:58,28
YH1->FX0402->XG9, XG9->FX0501->YH2,2017:05:08:18:45:31, 2017:05:08:18:50:17,286
YH1->FX1008->XG9, XG9->FX0501->YH2,2017:05:08:18:50:17, 2017:05:08:18:50:18,1
YH1->FX0401->XG9, XG9->FX0512->YH2,2017:05:08:18:54:57, 2017:05:08:18:58:27,210
YH1->FX1007->XG9, XG9->FX0611->YH2,2017:05:08:18:59:01, 2017:05:08:19:01:03,122
YH1->FX0412->XG9, XG9->FX1106->YH2,2017:05:08:19:04:07, 2017:05:08:19:07:44,217
YH1->FX1006->XG9, XG9->FX1106->YH2,2017:05:08:19:07:44, 2017:05:08:19:10:15,151
YH1->FX0411->XG9, XG9->FX1105->YH2,2017:05:08:19:13:13, 2017:05:08:19:16:24,191
YH1->FX1005->XG9, XG9->FX1105->YH2,2017:05:08:19:16:24, 2017:05:08:19:19:14,170
YH1->FX0410->XG9, XG9->FX0609->YH2,2017:05:08:19:19:48, 2017:05:08:19:20:14,26
YH1->FX1004->XG9, XG9->FX1104->YH2,2017:05:08:19:25:01, 2017:05:08:19:28:10,189
YH1->FX0409->XG9, XG9->FX0608->YH2,2017:05:08:19:28:50, 2017:05:08:19:29:44,54
YH1->FX1003->XG9, XG9->FX1103->YH2,2017:05:08:19:33:35, 2017:05:08:19:37:02,207
YH1->FX0508->XG9, XG9->FX1103->YH2,2017:05:08:19:37:02, 2017:05:08:19:37:38,36
YH1->FX0408->XG9, XG9->FX0607->YH2,2017:05:08:19:37:55, 2017:05:08:19:39:10,75
YH1->FX1002->XG9, XG9->FX1102->YH2,2017:05:08:19:42:06, 2017:05:08:19:45:53,227
YH1->FX0507->XG9, XG9->FX1102->YH2,2017:05:08:19:45:53, 2017:05:08:19:46:41,48
YH1->FX0407->XG9, XG9->FX0606->YH2,2017:05:08:19:47:46, 2017:05:08:19:48:34,48
YH1->FX1001->XG9, XG9->FX1101->YH2,2017:05:08:19:50:34, 2017:05:08:19:54:40,246
YH1->FX0506->XG9, XG9->FX1101->YH2,2017:05:08:19:54:40, 2017:05:08:19:55:44,64
YH1->FX0406->XG9, XG9->FX0605->YH2,2017:05:08:19:56:43, 2017:05:08:19:57:55,72
YH1->FX1012->XG9, XG9->FX1112->YH2,2017:05:08:19:59:08, 2017:05:08:20:03:25,257
YH1->FX1111->XG9, XG9->FX1112->YH2,2017:05:08:20:03:25, 2017:05:08:20:04:45,80
YH1->FX0405->XG9, XG9->FX0604->YH2,2017:05:08:20:05:52, 2017:05:08:20:07:05,73
YH1->FX1011->XG9, XG9->FX1111->YH2,2017:05:08:20:08:26, 2017:05:08:20:12:06,220
YH1->FX1110->XG9, XG9->FX1111->YH2,2017:05:08:20:12:06, 2017:05:08:20:13:45,99
YH1->FX0404->XG9, XG9->FX0603->YH2,2017:05:08:20:15:19, 2017:05:08:20:15:23,4
YH1->FX1010->XG9, XG9->FX0602->YH2,2017:05:08:20:17:45, 2017:05:08:20:20:41,176
YH1->FX1109->XG9, XG9->FX0602->YH2,2017:05:08:20:20:41, 2017:05:08:20:24:11,210
YH1->FX0502->XG9, XG9->FX0601->YH2,2017:05:08:20:26:56, 2017:05:08:20:32:11,315
YH1->FX1108->XG9, XG9->FX0601->YH2,2017:05:08:20:32:11, 2017:05:08:20:32:38,27
YH1->FX0501->XG9, XG9->FX0612->YH2,2017:05:08:20:36:13, 2017:05:08:20:40:58,285
YH1->FX1107->XG9, XG9->FX1207->YH2,2017:05:08:20:40:58, 2017:05:08:20:42:22,84
YH1->FX0512->XG9, XG9->FX0611->YH2,2017:05:08:20:45:40, 2017:05:08:20:49:06,206
YH1->FX1106->XG9, XG9->FX0710->YH2,2017:05:08:20:49:42, 2017:05:08:20:51:46,124
YH1->FX0511->XG9, XG9->FX1205->YH2,2017:05:08:20:54:48, 2017:05:08:20:58:25,217
YH1->FX1105->XG9, XG9->FX1205->YH2,2017:05:08:20:58:25, 2017:05:08:21:00:56,151
YH1->FX0510->XG9, XG9->FX1204->YH2,2017:05:08:21:03:53, 2017:05:08:21:07:04,191
YH1->FX1104->XG9, XG9->FX1204->YH2,2017:05:08:21:07:04, 2017:05:08:21:09:54,170
YH1->FX0509->XG9, XG9->FX0708->YH2,2017:05:08:21:10:30, 2017:05:08:21:10:57,27
YH1->FX1103->XG9, XG9->FX1203->YH2,2017:05:08:21:15:41, 2017:05:08:21:18:50,189
YH1->FX0508->XG9, XG9->FX0707->YH2,2017:05:08:21:19:32, 2017:05:08:21:20:26,54
YH1->FX1102->XG9, XG9->FX1202->YH2,2017:05:08:21:24:16, 2017:05:08:21:27:42,206
YH1->FX0607->XG9, XG9->FX1202->YH2,2017:05:08:21:27:42, 2017:05:08:21:28:18,36
YH1->FX0507->XG9, XG9->FX0706->YH2,2017:05:08:21:28:37, 2017:05:08:21:29:53,76
YH1->FX1101->XG9, XG9->FX1201->YH2,2017:05:08:21:32:47, 2017:05:08:21:36:32,225
YH1->FX0606->XG9, XG9->FX1201->YH2,2017:05:08:21:36:32, 2017:05:08:21:37:22,50
YH1->FX0506->XG9, XG9->FX0705->YH2,2017:05:08:21:38:28, 2017:05:08:21:39:16,48
YH1->FX1112->XG9, XG9->FX1212->YH2,2017:05:08:21:41:14, 2017:05:08:21:45:20,246
YH1->FX0605->XG9, XG9->FX1212->YH2,2017:05:08:21:45:20, 2017:05:08:21:46:24,64
YH1->FX0505->XG9, XG9->FX0704->YH2,2017:05:08:21:47:25, 2017:05:08:21:48:37,72
YH1->FX1111->XG9, XG9->FX1211->YH2,2017:05:08:21:49:49, 2017:05:08:21:54:04,255
YH1->FX1210->XG9, XG9->FX1211->YH2,2017:05:08:21:54:04, 2017:05:08:21:55:25,81
YH1->FX0504->XG9, XG9->FX0703->YH2,2017:05:08:21:56:34, 2017:05:08:21:57:45,71
YH1->FX1110->XG9, XG9->FX1210->YH2,2017:05:08:21:59:07, 2017:05:08:22:02:45,218
YH1->FX1209->XG9, XG9->FX1210->YH2,2017:05:08:22:02:45, 2017:05:08:22:04:25,100
YH1->FX0503->XG9, XG9->FX0702->YH2,2017:05:08:22:06:00, 2017:05:08:22:06:01,1
YH1->FX1109->XG9, XG9->FX0701->YH2,2017:05:08:22:08:27, 2017:05:08:22:11:20,173
YH1->FX1208->XG9, XG9->FX0701->YH2,2017:05:08:22:11:20, 2017:05:08:22:14:52,212
YH1->FX0601->XG9, XG9->FX0712->YH2,2017:05:08:22:17:38, 2017:05:08:22:22:52,314
YH1->FX1207->XG9, XG9->FX0712->YH2,2017:05:08:22:22:52, 2017:05:08:22:23:18,26
YH1->FX0612->XG9, XG9->FX0711->YH2,2017:05:08:22:26:55, 2017:05:08:22:31:38,283
YH1->FX1206->XG9, XG9->FX1306->YH2,2017:05:08:22:31:39, 2017:05:08:22:33:03,84
YH1->FX0611->XG9, XG9->FX0710->YH2,2017:05:08:22:36:22, 2017:05:08:22:39:46,204
YH1->FX1205->XG9, XG9->FX0809->YH2,2017:05:08:22:40:23, 2017:05:08:22:42:27,124
YH1->FX0610->XG9, XG9->FX1304->YH2,2017:05:08:22:45:29, 2017:05:08:22:49:05,216
YH1->FX1204->XG9, XG9->FX1304->YH2,2017:05:08:22:49:05, 2017:05:08:22:51:36,151
YH1->FX0609->XG9, XG9->FX1303->YH2,2017:05:08:22:54:34, 2017:05:08:22:57:45,191
YH1->FX1203->XG9, XG9->FX1303->YH2,2017:05:08:22:57:45, 2017:05:08:23:00:35,170
YH1->FX0608->XG9, XG9->FX0807->YH2,2017:05:08:23:01:12, 2017:05:08:23:01:39,27
YH1->FX1202->XG9, XG9->FX1302->YH2,2017:05:08:23:06:22, 2017:05:08:23:09:30,188
YH1->FX0607->XG9, XG9->FX0806->YH2,2017:05:08:23:10:14, 2017:05:08:23:11:08,54
YH1->FX1201->XG9, XG9->FX1301->YH2,2017:05:08:23:14:56, 2017:05:08:23:18:22,206
YH1->FX0706->XG9, XG9->FX1301->YH2,2017:05:08:23:18:22, 2017:05:08:23:18:59,37
YH1->FX0606->XG9, XG9->FX0805->YH2,2017:05:08:23:19:19, 2017:05:08:23:20:34,75
YH1->FX1212->XG9, XG9->FX1312->YH2,2017:05:08:23:23:27, 2017:05:08:23:27:12,225
YH1->FX0705->XG9, XG9->FX1312->YH2,2017:05:08:23:27:12, 2017:05:08:23:28:02,50
YH1->FX0605->XG9, XG9->FX0804->YH2,2017:05:08:23:29:09, 2017:05:08:23:29:58,49
YH1->FX1211->XG9, XG9->FX1311->YH2,2017:05:08:23:31:54, 2017:05:08:23:36:00,246
YH1->FX0704->XG9, XG9->FX1311->YH2,2017:05:08:23:36:00, 2017:05:08:23:37:04,64
YH1->FX0604->XG9, XG9->FX0803->YH2,2017:05:08:23:38:06, 2017:05:08:23:39:19,73
YH1->FX1210->XG9, XG9->FX1310->YH2,2017:05:08:23:40:31, 2017:05:08:23:44:44,253
YH1->FX1309->XG9, XG9->FX1310->YH2,2017:05:08:23:44:44, 2017:05:08:23:46:05,81
YH1->FX0603->XG9, XG9->FX0802->YH2,2017:05:08:23:47:16, 2017:05:08:23:48:26,70
YH1->FX1209->XG9, XG9->FX1309->YH2,2017:05:08:23:49:49, 2017:05:08:23:53:24,215
YH1->FX1308->XG9, XG9->FX1309->YH2,2017:05:08:23:53:24, 2017:05:08:23:55:05,101
YH1->FX1208->XG9, XG9->FX0812->YH2,2017:05:08:23:59:08, 2017:05:09:00:01:59,171
YH1->FX1307->XG9, XG9->FX0812->YH2,2017:05:09:00:01:59, 2017:05:09:00:05:32,213
YH1->FX0712->XG9, XG9->FX0811->YH2,2017:05:09:00:08:19, 2017:05:09:00:13:33,314
YH1->FX1306->XG9, XG9->FX0811->YH2,2017:05:09:00:13:33, 2017:05:09:00:13:58,25
YH1->FX0711->XG9, XG9->FX0810->YH2,2017:05:09:00:17:36, 2017:05:09:00:22:17,281
YH1->FX1305->XG9, XG9->FX0111->YH2,2017:05:09:00:22:20, 2017:05:09:00:23:44,84
YH1->FX0710->XG9, XG9->FX0809->YH2,2017:05:09:00:27:04, 2017:05:09:00:30:25,201
YH1->FX1304->XG9, XG9->FX0908->YH2,2017:05:09:00:31:04, 2017:05:09:00:33:09,125
YH1->FX0709->XG9, XG9->FX0109->YH2,2017:05:09:00:36:10, 2017:05:09:00:39:46,216
YH1->FX1303->XG9, XG9->FX0109->YH2,2017:05:09:00:39:46, 2017:05:09:00:42:17,151
YH1->FX0708->XG9, XG9->FX0108->YH2,2017:05:09:00:45:15, 2017:05:09:00:48:26,191
YH1->FX1302->XG9, XG9->FX0108->YH2,2017:05:09:00:48:26, 2017:05:09:00:51:15,169
YH1->FX0707->XG9, XG9->FX0906->YH2,2017:05:09:00:51:54, 2017:05:09:00:52:20,26
YH1->FX1301->XG9, XG9->FX0107->YH2,2017:05:09:00:57:02, 2017:05:09:01:00:10,188
YH1->FX0706->XG9, XG9->FX0905->YH2,2017:05:09:01:00:56, 2017:05:09:01:01:50,54
YH1->FX1312->XG9, XG9->FX0106->YH2,2017:05:09:01:05:36, 2017:05:09:01:09:02,206
YH1->FX0805->XG9, XG9->FX0106->YH2,2017:05:09:01:09:02, 2017:05:09:01:09:40,38
YH1->FX0705->XG9, XG9->FX0904->YH2,2017:05:09:01:10:01, 2017:05:09:01:11:16,75
YH1->FX1311->XG9, XG9->FX0105->YH2,2017:05:09:01:14:07, 2017:05:09:01:17:52,225
YH1->FX0804->XG9, XG9->FX0105->YH2,2017:05:09:01:17:52, 2017:05:09:01:18:43,51
YH1->FX0704->XG9, XG9->FX0903->YH2,2017:05:09:01:19:51, 2017:05:09:01:20:40,49
YH1->FX1310->XG9, XG9->FX0104->YH2,2017:05:09:01:22:34, 2017:05:09:01:26:40,246
YH1->FX0803->XG9, XG9->FX0104->YH2,2017:05:09:01:26:40, 2017:05:09:01:27:45,65
YH1->FX0703->XG9, XG9->FX0902->YH2,2017:05:09:01:28:47, 2017:05:09:01:30:01,74
YH1->FX1309->XG9, XG9->FX0103->YH2,2017:05:09:01:31:12, 2017:05:09:01:35:24,252
YH1->FX0102->XG9, XG9->FX0103->YH2,2017:05:09:01:35:24, 2017:05:09:01:36:46,82
YH1->FX0702->XG9, XG9->FX0901->YH2,2017:05:09:01:37:58, 2017:05:09:01:39:05,67
YH1->FX1308->XG9, XG9->FX0102->YH2,2017:05:09:01:40:30, 2017:05:09:01:44:04,214
YH1->FX0101->XG9, XG9->FX0102->YH2,2017:05:09:01:44:04, 2017:05:09:01:45:46,102
YH1->FX1307->XG9, XG9->FX0911->YH2,2017:05:09:01:49:48, 2017:05:09:01:52:38,170
YH1->FX0112->XG9, XG9->FX0911->YH2,2017:05:09:01:52:38, 2017:05:09:01:56:11,213
YH1->FX0811->XG9, XG9->FX0910->YH2,2017:05:09:01:59:00, 2017:05:09:02:04:14,314
YH1->FX0111->XG9, XG9->FX0910->YH2,2017:05:09:02:04:14, 2017:05:09:02:04:37,23
YH1->FX0810->XG9, XG9->FX0909->YH2,2017:05:09:02:08:17, 2017:05:09:02:12:56,279
YH1->FX0110->XG9, XG9->FX0210->YH2,2017:05:09:02:13:00, 2017:05:09:02:14:26,86
YH1->FX0809->XG9, XG9->FX0908->YH2,2017:05:09:02:17:45, 2017:05:09:02:21:03,198
YH1->FX0109->XG9, XG9->FX1007->YH2,2017:05:09:02:21:44, 2017:05:09:02:23:51,127
YH1->FX0808->XG9, XG9->FX0208->YH2,2017:05:09:02:26:51, 2017:05:09:02:30:26,215
YH1->FX0108->XG9, XG9->FX0208->YH2,2017:05:09:02:30:26, 2017:05:09:02:32:59,153
YH1->FX0807->XG9, XG9->FX0207->YH2,2017:05:09:02:35:57, 2017:05:09:02:39:06,189
YH1->FX0107->XG9, XG9->FX0207->YH2,2017:05:09:02:39:06, 2017:05:09:02:41:56,170
YH1->FX0806->XG9, XG9->FX1005->YH2,2017:05:09:02:42:35, 2017:05:09:02:43:02,27
YH1->FX0106->XG9, XG9->FX0206->YH2,2017:05:09:02:47:43, 2017:05:09:02:50:51,188
YH1->FX0805->XG9, XG9->FX1004->YH2,2017:05:09:02:51:37, 2017:05:09:02:52:32,55
YH1->FX0105->XG9, XG9->FX0205->YH2,2017:05:09:02:56:16, 2017:05:09:02:59:43,207
YH1->FX0904->XG9, XG9->FX0205->YH2,2017:05:09:02:59:43, 2017:05:09:03:00:21,38
YH1->FX0804->XG9, XG9->FX1003->YH2,2017:05:09:03:00:42, 2017:05:09:03:01:58,76
YH1->FX0104->XG9, XG9->FX0204->YH2,2017:05:09:03:04:47, 2017:05:09:03:08:33,226
YH1->FX0903->XG9, XG9->FX0204->YH2,2017:05:09:03:08:33, 2017:05:09:03:09:24,51
YH1->FX0803->XG9, XG9->FX1002->YH2,2017:05:09:03:10:31, 2017:05:09:03:11:21,50
YH1->FX0103->XG9, XG9->FX0203->YH2,2017:05:09:03:13:14, 2017:05:09:03:17:20,246
YH1->FX0902->XG9, XG9->FX0203->YH2,2017:05:09:03:17:20, 2017:05:09:03:18:26,66
YH1->FX0802->XG9, XG9->FX1001->YH2,2017:05:09:03:19:28, 2017:05:09:03:20:42,74
YH1->FX0102->XG9, XG9->FX0202->YH2,2017:05:09:03:21:54, 2017:05:09:03:26:04,250
YH1->FX0201->XG9, XG9->FX0202->YH2,2017:05:09:03:26:04, 2017:05:09:03:27:27,83
YH1->FX0801->XG9, XG9->FX1012->YH2,2017:05:09:03:28:41, 2017:05:09:03:29:45,64
YH1->FX0101->XG9, XG9->FX0201->YH2,2017:05:09:03:31:12, 2017:05:09:03:34:44,212
YH1->FX0212->XG9, XG9->FX0201->YH2,2017:05:09:03:34:44, 2017:05:09:03:36:27,103
YH1->FX0112->XG9, XG9->FX1010->YH2,2017:05:09:03:40:29, 2017:05:09:03:43:18,169
YH1->FX0211->XG9, XG9->FX1010->YH2,2017:05:09:03:43:18, 2017:05:09:03:46:50,212
YH1->FX0910->XG9, XG9->FX1009->YH2,2017:05:09:03:49:41, 2017:05:09:03:54:54,313
YH1->FX0210->XG9, XG9->FX1009->YH2,2017:05:09:03:54:54, 2017:05:09:03:55:16,22
YH1->FX0909->XG9, XG9->FX1008->YH2,2017:05:09:03:58:58, 2017:05:09:04:00:00,62
